470,	31
487,	63
470,	95
466,	126
463,	157
462,	187
463,	218
463,	249
465,	280
473,	312
498,	345
523,	380
532,	415
533,	451
528,	455
496,	455
471,	455
463,	455
460,	455
459,	455
459,	454
459,	454
460,	454
462,	453
483,	452
512,	451
527,	451
530,	451
530,	451
506,	452
476,	452
461,	452
458,	452
456,	451
455,	451
456,	451
456,	451
457,	450
470,	450
498,	449
520,	448
527,	448
527,	448
517,	448
483,	449
461,	449
456,	449
453,	449
451,	448
452,	448
452,	448
453,	448
526,	451
522,	453
489,	451
462,	446
453,	442
449,	437
448,	435
448,	434
448,	433
449,	433
451,	433
471,	434
502,	438
519,	442
522,	442
522,	442
500,	442
468,	443
451,	443
448,	443
445,	442
444,	442
445,	442
445,	442
447,	441
458,	441
485,	439
509,	439
517,	438
518,	438
509,	439
475,	439
452,	439
446,	439
443,	439
441,	439
442,	439
442,	438
443,	438
446,	437
469,	436
498,	436
511,	435
513,	435
512,	435
485,	436
457,	436
444,	436
441,	436
439,	436
439,	435
462,	437
490,	440
505,	444
508,	446
508,	447
486,	445
457,	442
442,	437
439,	434
437,	433
436,	432
437,	432
437,	432
438,	432
449,	431
474,	430
495,	429
503,	429
503,	428
495,	429
464,	429
443,	430
437,	429
434,	429
433,	429
434,	429
434,	429
435,	428
437,	428
459,	427
485,	426
497,	426
499,	425
498,	425
473,	426
447,	426
436,	426
433,	426
431,	426
431,	426
431,	426
431,	425
432,	425
446,	424
472,	423
490,	423
495,	423
495,	422
482,	423
453,	423
435,	423
429,	423
429,	423
430,	423
441,	424
466,	426
486,	429
493,	433
493,	434
484,	434
454,	431
434,	427
429,	423
426,	421
424,	421
425,	420
425,	420
426,	420
430,	419
451,	418
477,	418
489,	417
491,	417
490,	418
464,	418
438,	419
427,	418
424,	418
422,	418
422,	418
422,	418
423,	418
424,	417
439,	416
466,	416
484,	415
489,	415
489,	415
474,	416
444,	416
426,	416
422,	416
419,	416
418,	415
419,	415
419,	415
421,	415
427,	414
452,	413
476,	413
486,	412
487,	412
483,	413
417,	411
416,	410
417,	410
417,	410
418,	410
422,	410
445,	412
472,	415
484,	419
485,	421
484,	422
455,	420
429,	416
419,	412
415,	411
414,	411
413,	411
414,	411
414,	411
416,	410
433,	409
460,	409
477,	408
482,	408
482,	408
465,	408
435,	409
418,	409
414,	409
411,	408
410,	408
411,	408
411,	408
413,	408
420,	407
444,	406
468,	405
477,	405
477,	404
473,	405
443,	406
420,	406
413,	406
409,	405
408,	405
408,	405
409,	405
409,	405
411,	404
430,	403
456,	402
445,	400
421,	397
411,	392
408,	390
406,	389
406,	389
406,	388
407,	388
408,	388
424,	389
450,	392
465,	396
469,	398
470,	399
454,	400
426,	400
410,	400
407,	400
404,	400
403,	400
404,	400
404,	399
405,	399
413,	398
435,	397
457,	397
465,	397
466,	396
461,	397
433,	397
412,	397
405,	397
402,	397
401,	397
401,	397
401,	397
402,	396
404,	396
422,	395
446,	394
459,	394
462,	394
462,	394
442,	394
417,	395
404,	395
401,	394
399,	394
398,	394
399,	394
399,	394
455,	397
459,	400
459,	401
444,	400
417,	397
403,	393
399,	390
397,	388
396,	388
397,	388
397,	387
398,	387
406,	388
428,	390
448,	389
456,	389
456,	389
451,	389
425,	390
405,	390
398,	390
395,	390
394,	390
394,	390
394,	389
395,	389
397,	389
415,	388
439,	387
451,	387
454,	387
454,	387
434,	387
409,	388
397,	388
394,	388
392,	387
391,	387
392,	387
392,	387
393,	387
404,	386
427,	385
445,	385
451,	385
452,	384
442,	385
415,	385
397,	385
392,	385
390,	385
391,	385
400,	386
422,	388
442,	391
449,	394
450,	395
444,	395
417,	393
397,	389
391,	386
388,	384
387,	384
387,	383
387,	383
388,	383
390,	382
409,	381
433,	381
445,	380
447,	380
447,	380
426,	381
401,	381
390,	381
387,	381
385,	381
384,	381
385,	381
385,	380
386,	380
398,	379
422,	379
440,	378
445,	378
446,	378
435,	379
408,	379
389,	379
385,	379
383,	379
381,	379
382,	379
382,	378
383,	378
388,	377
409,	377
432,	376
443,	376
444,	376
442,	376
416,	377
379,	376
380,	376
380,	376
381,	376
383,	376
403,	377
428,	380
440,	384
442,	386
442,	386
419,	385
394,	381
383,	378
379,	375
378,	375
377,	375
377,	375
378,	374
379,	374
392,	373
417,	373
435,	372
441,	372
442,	372
431,	373
402,	374
384,	374
379,	374
376,	374
374,	373
375,	373
375,	373
376,	373
381,	372
403,	371
427,	371
439,	370
441,	370
439,	371
412,	372
387,	372
377,	372
373,	371
372,	371
371,	371
371,	371
372,	371
373,	370
390,	369
417,	368
433,	368
438,	368
376,	364
372,	361
370,	360
370,	359
370,	359
371,	359
372,	359
386,	360
412,	363
431,	367
437,	370
438,	371
425,	371
396,	368
376,	368
371,	368
368,	368
367,	368
368,	367
368,	367
369,	367
375,	366
398,	365
421,	365
432,	364
433,	364
430,	364
403,	365
380,	365
371,	365
368,	365
366,	365
366,	365
366,	365
367,	365
368,	364
386,	363
412,	363
427,	362
430,	362
431,	362
413,	363
385,	363
370,	363
366,	363
364,	363
363,	363
364,	363
364,	362
365,	362
375,	361
432,	363
417,	362
387,	359
369,	355
365,	352
362,	350
361,	350
362,	350
362,	349
364,	349
371,	350
396,	352
421,	356
431,	360
432,	360
429,	360
397,	361
373,	361
364,	361
360,	361
359,	361
359,	361
359,	361
360,	360
362,	360
383,	359
412,	358
428,	358
431,	358
431,	358
409,	359
378,	359
363,	359
359,	359
357,	359
356,	359
357,	359
357,	358
359,	358
371,	357
399,	357
422,	356
430,	356
430,	356
421,	357
387,	357
364,	357
358,	357
355,	357
354,	357
355,	357
393,	359
418,	363
428,	367
428,	369
423,	369
390,	366
365,	362
357,	358
354,	356
353,	355
353,	355
353,	354
355,	355
357,	355
379,	354
408,	353
423,	353
425,	353
425,	353
401,	353
371,	354
357,	354
353,	354
352,	354
351,	354
351,	353
352,	353
353,	353
366,	352
393,	351
415,	351
422,	350
422,	350
412,	351
380,	351
358,	352
353,	352
350,	351
349,	351
350,	351
350,	351
351,	351
355,	350
378,	349
406,	349
418,	348
419,	348
418,	349
390,	349
364,	350
353,	350
349,	350
350,	350
352,	350
373,	351
401,	355
414,	359
417,	361
417,	362
394,	360
366,	357
352,	352
349,	350
347,	348
346,	348
346,	348
346,	348
348,	347
360,	346
387,	345
407,	345
413,	345
413,	344
404,	345
373,	346
354,	346
349,	346
346,	346
345,	346
346,	346
346,	346
347,	346
351,	345
372,	344
397,	343
408,	343
409,	343
408,	343
382,	344
358,	344
348,	344
345,	344
343,	344
343,	343
343,	343
343,	343
344,	342
360,	342
386,	341
403,	341
408,	340
409,	341
344,	338
342,	337
341,	336
342,	336
342,	336
343,	336
356,	337
381,	340
400,	343
407,	346
408,	348
398,	348
368,	345
349,	341
344,	341
341,	341
339,	341
340,	341
340,	340
341,	340
345,	340
367,	339
392,	338
403,	338
405,	338
404,	338
378,	339
354,	339
344,	339
340,	339
338,	339
338,	339
338,	339
338,	338
339,	338
355,	337
381,	337
398,	336
402,	336
403,	336
388,	337
360,	337
344,	337
340,	337
337,	337
336,	337
337,	337
337,	337
338,	337
345,	336
368,	335
390,	335
362,	332
343,	328
339,	325
336,	323
335,	322
336,	322
336,	322
337,	322
342,	322
363,	324
386,	327
397,	331
399,	333
397,	333
372,	334
349,	334
339,	334
336,	334
334,	334
334,	334
334,	334
334,	334
336,	334
352,	333
376,	332
392,	332
396,	332
397,	332
381,	332
355,	333
340,	333
336,	333
333,	333
332,	332
333,	332
333,	332
334,	332
342,	332
364,	331
385,	330
394,	330
395,	330
390,	331
363,	331
343,	331
336,	331
333,	331
331,	331
331,	331
331,	331
332,	331
392,	334
393,	336
391,	337
366,	335
344,	331
335,	328
332,	326
330,	325
330,	324
330,	324
331,	324
332,	324
348,	325
372,	328
387,	328
391,	327
392,	328
375,	328
350,	329
336,	329
332,	329
329,	329
328,	328
329,	328
329,	328
330,	328
338,	327
360,	327
380,	326
388,	326
389,	326
384,	326
357,	327
338,	327
331,	327
328,	327
326,	327
327,	327
327,	326
328,	326
329,	326
348,	325
372,	324
385,	324
387,	324
388,	324
367,	325
343,	325
331,	325
328,	325
326,	325
328,	325
345,	327
369,	329
383,	333
387,	335
388,	337
370,	336
345,	333
331,	329
327,	326
325,	325
324,	325
324,	324
324,	324
326,	324
335,	323
358,	323
378,	322
386,	322
387,	322
380,	323
353,	323
333,	324
327,	324
324,	323
322,	323
323,	323
323,	323
324,	323
326,	322
346,	322
371,	321
383,	321
386,	321
386,	321
363,	322
338,	322
327,	322
323,	322
322,	322
321,	322
321,	322
321,	322
322,	322
336,	321
361,	320
380,	320
386,	320
387,	320
375,	321
346,	321
320,	321
320,	321
320,	321
322,	321
333,	321
359,	324
380,	328
388,	331
389,	333
381,	333
350,	331
328,	327
323,	323
319,	322
318,	322
319,	321
319,	321
320,	321
324,	321
348,	320
378,	320
392,	320
338,	317
338,	314
337,	313
334,	313
331,	314
328,	314
326,	315
325,	315
324,	316
323,	316
322,	316
323,	314
327,	311
332,	307
336,	307
339,	307
340,	307
338,	307
334,	307
331,	308
328,	308
326,	308
325,	308
324,	308
323,	308
322,	308
325,	308
329,	308
334,	307
335,	307
331,	307
328,	306
326,	305
325,	305
324,	305
323,	304
322,	304
324,	304
329,	305
334,	305
337,	306
340,	307
339,	307
336,	307
332,	307
329,	308
327,	308
325,	308
324,	308
323,	308
322,	308
323,	308
326,	307
331,	307
335,	307
338,	307
339,	307
336,	307
332,	307
329,	307
326,	307
324,	307
323,	307
322,	307
321,	307
321,	306
323,	306
328,	306
332,	306
336,	306
338,	306
337,	306
333,	306
329,	306
326,	306
324,	306
322,	306
321,	306
320,	306
319,	305
320,	305
337,	306
336,	306
333,	306
329,	305
326,	305
324,	304
322,	303
320,	303
319,	303
318,	302
319,	302
322,	302
327,	303
331,	304
334,	304
335,	303
332,	303
328,	303
325,	303
323,	303
321,	303
320,	303
319,	303
318,	303
318,	303
320,	303
324,	303
328,	303
331,	302
333,	302
332,	302
328,	302
325,	302
323,	302
321,	302
319,	302
318,	302
317,	302
316,	302
318,	302
321,	302
325,	301
329,	301
332,	301
331,	301
328,	301
325,	301
322,	301
320,	301
318,	301
317,	301
367,	304
385,	309
389,	313
390,	318
369,	321
335,	321
316,	320
312,	319
308,	318
307,	317
307,	316
307,	315
309,	314
320,	314
348,	313
374,	312
385,	312
386,	312
378,	312
343,	313
317,	313
309,	313
305,	313
303,	312
304,	312
304,	312
305,	312
307,	311
333,	310
365,	309
380,	309
383,	309
384,	309
355,	310
324,	310
309,	310
305,	310
303,	310
302,	310
302,	310
302,	310
304,	310
319,	309
349,	308
371,	307
379,	307
380,	306
367,	307
333,	308
311,	308
305,	308
301,	308
303,	308
314,	309
342,	311
366,	316
376,	319
377,	321
369,	321
336,	318
312,	314
305,	310
301,	307
299,	307
300,	306
300,	306
301,	306
303,	305
327,	304
356,	304
370,	303
373,	303
373,	303
347,	304
319,	304
306,	305
302,	305
300,	305
298,	305
299,	304
299,	304
300,	304
315,	303
343,	302
363,	302
370,	302
371,	302
359,	302
327,	303
307,	303
302,	303
299,	303
297,	303
298,	303
298,	303
299,	303
304,	302
328,	301
354,	300
366,	300
368,	300
366,	300
298,	298
296,	298
297,	297
297,	297
298,	297
300,	297
322,	299
349,	302
362,	306
365,	309
365,	309
341,	308
315,	304
303,	300
299,	300
297,	300
296,	300
296,	300
296,	300
297,	300
311,	299
337,	298
355,	298
361,	297
363,	297
351,	298
323,	299
304,	299
299,	299
296,	299
294,	298
295,	298
295,	298
296,	298
301,	298
323,	297
346,	296
357,	296
359,	295
358,	296
332,	297
309,	297
300,	297
296,	297
294,	297
294,	297
294,	297
294,	297
295,	296
312,	296
337,	295
335,	293
311,	290
300,	286
296,	284
294,	283
293,	283
293,	282
294,	282
295,	282
308,	283
332,	286
349,	289
355,	292
356,	294
344,	294
317,	295
299,	295
295,	294
292,	294
291,	294
291,	294
291,	294
292,	294
298,	293
320,	292
342,	292
352,	292
354,	291
352,	292
326,	293
304,	293
296,	293
292,	293
290,	293
290,	293
290,	293
291,	293
292,	292
309,	292
334,	291
348,	291
352,	291
353,	291
337,	291
311,	292
297,	292
293,	292
290,	292
289,	292
289,	292
289,	292
290,	292
351,	294
352,	296
340,	295
314,	293
297,	289
293,	286
290,	284
289,	284
289,	284
289,	284
290,	284
296,	284
317,	286
339,	289
349,	289
351,	289
348,	290
323,	290
302,	291
294,	291
290,	291
289,	291
289,	291
289,	291
289,	291
290,	290
307,	289
331,	289
345,	289
349,	289
350,	289
333,	289
309,	290
295,	290
291,	290
289,	290
288,	290
288,	290
288,	290
289,	290
298,	289
320,	288
339,	288
347,	288
348,	288
342,	288
317,	289
298,	289
292,	289
289,	289
287,	289
295,	289
316,	291
337,	295
346,	298
348,	300
345,	300
320,	298
300,	295
292,	292
289,	290
287,	289
287,	289
287,	289
288,	289
289,	288
306,	288
329,	287
343,	287
346,	287
347,	287
330,	288
306,	288
293,	288
289,	288
287,	288
286,	288
286,	288
286,	288
287,	288
297,	287
319,	286
337,	286
345,	286
346,	286
339,	286
313,	287
295,	287
289,	287
286,	287
284,	287
285,	287
285,	287
286,	287
288,	286
308,	285
331,	285
342,	285
345,	285
345,	285
323,	286
300,	286
284,	286
284,	286
285,	286
287,	286
304,	287
329,	290
342,	293
345,	296
346,	297
327,	296
303,	293
290,	289
287,	287
284,	286
283,	286
284,	286
284,	286
285,	286
296,	285
319,	285
338,	284
345,	284
346,	284
337,	285
310,	285
292,	286
287,	286
284,	286
282,	285
283,	285
283,	285
284,	285
287,	285
307,	284
331,	283
342,	283
344,	283
343,	283
320,	284
297,	284
287,	284
284,	284
282,	284
282,	284
282,	284
282,	284
283,	284
298,	283
322,	283
338,	282
343,	282
287,	279
284,	276
282,	275
281,	275
282,	275
282,	275
283,	275
295,	276
319,	278
337,	282
343,	285
344,	286
335,	286
307,	284
289,	284
284,	284
282,	284
280,	284
281,	284
281,	284
282,	283
286,	283
307,	282
330,	282
341,	281
343,	281
342,	282
317,	283
294,	283
285,	283
281,	283
280,	283
280,	283
280,	283
280,	283
281,	282
296,	282
321,	281
337,	281
341,	281
342,	281
328,	281
301,	282
285,	282
281,	282
279,	282
278,	282
279,	281
279,	281
280,	281
287,	281
341,	282
331,	282
304,	279
285,	275
281,	272
278,	271
277,	270
278,	270
278,	270
279,	270
283,	270
304,	272
327,	275
338,	278
340,	278
338,	279
314,	280
291,	280
281,	280
278,	280
277,	280
276,	280
277,	280
277,	280
278,	279
294,	279
318,	278
334,	278
338,	278
339,	278
324,	278
297,	279
282,	279
278,	279
275,	279
275,	279
275,	278
275,	278
277,	278
284,	278
307,	277
328,	276
337,	276
338,	276
333,	277
306,	278
285,	278
278,	278
275,	278
273,	278
274,	278
274,	277
326,	281
336,	284
338,	286
336,	287
310,	285
287,	282
278,	278
275,	276
273,	275
273,	275
274,	275
274,	275
276,	275
292,	276
318,	276
333,	275
337,	275
338,	275
321,	276
294,	277
279,	277
275,	277
273,	277
272,	277
273,	277
273,	276
274,	276
283,	276
306,	275
328,	275
336,	275
337,	274
331,	275
303,	276
282,	276
275,	276
272,	276
271,	276
271,	276
272,	276
273,	276
275,	275
295,	274
321,	274
334,	274
337,	274
337,	274
315,	275
289,	275
276,	275
273,	275
272,	276
274,	276
291,	277
317,	280
332,	284
336,	286
336,	287
318,	286
291,	283
276,	279
273,	276
271,	275
270,	275
271,	275
271,	275
272,	275
282,	274
306,	273
328,	273
336,	273
337,	273
330,	274
300,	274
279,	275
273,	275
270,	275
269,	274
269,	274
269,	274
270,	274
272,	273
294,	273
321,	272
334,	272
337,	272
337,	272
312,	273
286,	274
273,	274
270,	274
268,	274
267,	274
268,	273
268,	273
269,	273
283,	272
311,	272
330,	271
337,	271
337,	271
325,	272
267,	271
266,	271
267,	270
267,	270
268,	270
280,	271
307,	274
329,	278
338,	281
339,	283
330,	283
298,	281
275,	277
270,	273
267,	273
265,	273
266,	273
266,	273
267,	273
271,	272
294,	271
323,	271
337,	271
338,	271
338,	271
310,	272
282,	272
270,	272
266,	272
265,	272
264,	272
265,	272
265,	272
267,	272
283,	271
313,	270
333,	270
339,	270
339,	270
323,	271
290,	272
269,	272
266,	272
263,	271
262,	271
263,	271
264,	271
265,	271
272,	270
300,	269
327,	269
265,	264
280,	260
311,	259
334,	262
342,	267
342,	272
330,	277
294,	279
271,	279
265,	279
262,	279
261,	278
262,	276
263,	272
264,	272
269,	271
296,	270
326,	269
340,	269
341,	269
340,	270
308,	271
278,	271
266,	271
263,	271
261,	271
261,	271
262,	271
262,	271
264,	271
284,	270
316,	269
336,	269
342,	269
342,	269
323,	270
287,	271
266,	271
262,	271
259,	271
258,	270
260,	270
260,	270
262,	270
272,	269
302,	268
331,	268
343,	268
343,	268
337,	269
299,	270
257,	269
258,	269
259,	269
260,	269
263,	269
289,	271
324,	275
342,	280
345,	283
345,	284
316,	282
279,	278
261,	273
258,	270
256,	270
255,	270
260,	270
263,	270
272,	271
282,	270
288,	268
290,	264
290,	261
290,	257
287,	255
281,	255
279,	256
280,	258
279,	259
278,	261
278,	262
277,	263
277,	263
278,	263
284,	263
288,	263
288,	262
289,	262
289,	263
282,	263
279,	263
279,	263
279,	263
278,	263
277,	262
277,	262
276,	262
276,	262
281,	262
286,	262
288,	262
288,	262
279,	261
279,	261
278,	261
277,	261
277,	261
276,	261
276,	260
279,	261
283,	261
285,	262
286,	262
288,	262
285,	262
281,	261
279,	261
279,	261
278,	261
277,	261
276,	261
276,	261
275,	261
276,	261
280,	261
283,	261
285,	261
286,	261
287,	261
283,	261
280,	261
279,	261
278,	261
277,	261
276,	261
275,	261
274,	261
274,	261
277,	260
281,	260
283,	260
285,	260
287,	260
285,	260
282,	260
280,	260
279,	261
277,	261
276,	261
275,	261
274,	261
273,	260
275,	260
287,	261
286,	261
283,	261
280,	260
279,	260
278,	260
276,	259
275,	259
274,	259
273,	259
274,	259
277,	259
281,	259
284,	260
286,	260
288,	260
284,	260
282,	260
280,	260
278,	260
276,	260
275,	260
274,	260
273,	260
272,	260
275,	260
279,	260
282,	260
285,	260
287,	260
285,	260
282,	260
280,	260
278,	260
276,	260
275,	260
274,	260
273,	260
272,	260
273,	260
277,	259
280,	259
283,	259
285,	259
286,	259
283,	259
280,	259
279,	259
277,	259
275,	259
274,	259
276,	260
280,	260
283,	261
285,	261
286,	262
282,	262
280,	261
278,	261
276,	260
275,	260
274,	260
273,	259
272,	259
272,	259
274,	259
278,	259
281,	259
283,	258
285,	258
283,	258
280,	258
278,	258
277,	259
275,	259
274,	259
273,	259
272,	259
272,	259
273,	258
277,	258
280,	258
282,	258
283,	258
283,	258
280,	258
278,	258
277,	258
275,	258
274,	258
274,	258
273,	258
272,	258
272,	258
275,	258
279,	258
281,	258
282,	258
284,	258
280,	258
278,	258
277,	258
273,	258
273,	258
272,	258
275,	258
279,	258
281,	259
282,	259
284,	260
281,	260
278,	259
277,	259
276,	259
275,	258
274,	258
273,	258
273,	258
272,	258
274,	258
277,	258
280,	258
281,	258
283,	258
282,	258
279,	258
277,	258
276,	258
275,	258
274,	258
273,	258
273,	258
272,	258
272,	258
275,	258
279,	258
280,	258
282,	257
283,	258
279,	258
277,	258
276,	258
275,	258
274,	258
273,	258
272,	257
272,	257
271,	257
274,	257
277,	257
279,	257
281,	257
282,	257
275,	257
274,	257
273,	256
273,	256
272,	256
272,	256
274,	256
277,	256
279,	257
281,	257
282,	258
282,	258
278,	258
276,	257
276,	257
274,	257
273,	257
273,	257
272,	257
271,	257
271,	257
274,	257
278,	257
280,	257
281,	257
283,	257
279,	257
277,	257
276,	257
274,	257
273,	257
272,	257
271,	257
271,	257
270,	257
273,	257
276,	257
279,	257
280,	256
282,	256
281,	257
278,	257
275,	257
274,	257
273,	257
272,	257
271,	257
270,	256
270,	256
271,	256
274,	256
277,	256
277,	256
275,	255
274,	255
273,	255
272,	254
271,	254
270,	254
270,	254
270,	254
275,	254
279,	255
280,	255
281,	256
282,	256
279,	256
277,	256
275,	256
273,	256
272,	256
271,	256
270,	256
270,	256
269,	256
271,	256
274,	256
277,	256
279,	255
281,	255
280,	255
278,	256
275,	256
274,	256
272,	256
271,	256
270,	256
270,	256
269,	256
269,	255
272,	255
275,	255
278,	255
280,	255
281,	255
279,	255
276,	255
274,	255
272,	255
271,	255
270,	255
269,	255
268,	255
277,	256
279,	256
281,	257
279,	257
277,	256
274,	256
272,	255
271,	255
270,	255
269,	255
268,	254
267,	254
269,	254
272,	255
275,	254
278,	254
281,	254
280,	254
278,	254
275,	255
273,	255
271,	255
270,	255
269,	255
268,	255
267,	255
268,	255
270,	254
274,	254
277,	254
280,	254
281,	254
279,	254
276,	254
273,	254
271,	254
270,	254
269,	254
268,	254
267,	254
267,	254
269,	254
272,	254
276,	254
278,	254
281,	254
279,	254
276,	254
274,	254
272,	254
270,	254
267,	254
269,	254
273,	254
277,	255
279,	256
281,	256
279,	257
276,	256
273,	256
272,	255
270,	255
269,	255
268,	254
267,	254
267,	254
268,	254
272,	254
276,	254
278,	254
280,	254
280,	254
276,	254
274,	254
272,	254
270,	254
269,	254
268,	254
267,	254
266,	254
266,	254
270,	254
274,	254
277,	253
279,	253
282,	254
278,	254
275,	254
273,	254
271,	254
270,	254
268,	254
267,	254
266,	254
266,	254
268,	254
273,	254
276,	254
279,	254
281,	254
280,	254
276,	254
269,	254
268,	253
267,	253
267,	253
269,	253
273,	254
277,	254
279,	255
281,	256
281,	256
277,	256
274,	255
273,	255
271,	255
270,	255
269,	255
268,	255
267,	255
267,	255
271,	255
275,	254
278,	254
279,	254
281,	254
277,	254
274,	254
273,	254
271,	254
270,	254
269,	254
268,	254
267,	254
267,	254
269,	254
273,	254
276,	254
278,	254
279,	254
278,	254
274,	254
272,	254
271,	254
270,	254
269,	254
268,	254
267,	254
267,	254
268,	254
271,	253
275,	253
277,	253
272,	253
271,	252
270,	252
269,	252
268,	252
268,	252
267,	251
267,	251
271,	252
274,	252
276,	253
278,	253
279,	253
275,	253
273,	253
272,	253
270,	253
269,	253
268,	253
267,	253
267,	253
266,	253
269,	253
273,	253
275,	253
277,	253
279,	253
276,	253
273,	253
271,	253
270,	253
266,	253
261,	252
261,	252
260,	251
261,	251
269,	251
304,	253
339,	257
352,	262
351,	267
345,	272
300,	274
266,	273
255,	272
252,	271
250,	271
251,	270
251,	269
253,	269
255,	268
283,	266
343,	267
302,	263
266,	258
254,	252
250,	248
249,	247
249,	247
250,	247
251,	247
253,	247
276,	248
313,	252
335,	258
340,	262
339,	261
317,	262
276,	263
254,	263
251,	263
248,	263
247,	263
249,	263
249,	263
251,	263
261,	262
292,	260
322,	259
333,	259
333,	258
327,	259
288,	260
260,	260
252,	260
248,	260
247,	260
248,	260
248,	260
249,	260
251,	259
276,	258
310,	258
327,	257
330,	257
330,	257
304,	258
269,	259
252,	259
249,	259
247,	259
246,	259
247,	259
303,	262
323,	267
327,	270
327,	272
308,	270
272,	266
253,	261
250,	258
247,	256
246,	256
248,	256
248,	256
250,	256
259,	257
288,	256
315,	255
325,	255
325,	255
320,	256
284,	257
259,	257
251,	257
248,	257
246,	257
247,	257
247,	257
249,	257
251,	257
274,	256
305,	255
321,	255
323,	255
323,	255
299,	256
267,	256
252,	256
249,	256
247,	256
246,	256
247,	256
247,	256
249,	256
262,	255
291,	254
314,	254
321,	254
322,	254
312,	255
278,	255
255,	256
250,	256
247,	256
249,	256
259,	257
286,	259
311,	263
321,	267
321,	269
315,	269
282,	267
258,	262
251,	258
248,	256
246,	256
247,	256
247,	256
248,	256
250,	255
273,	254
303,	254
318,	253
320,	253
320,	254
296,	255
266,	255
252,	255
249,	255
247,	255
246,	255
247,	255
247,	255
249,	255
262,	254
291,	254
313,	253
320,	253
320,	253
309,	254
276,	255
254,	255
250,	255
247,	255
245,	255
246,	255
247,	255
248,	255
252,	254
277,	253
305,	253
318,	252
320,	252
319,	253
247,	251
245,	251
246,	250
247,	250
248,	251
250,	251
273,	253
303,	256
318,	261
320,	263
320,	264
294,	263
265,	259
251,	255
248,	255
246,	255
245,	255
246,	255
246,	255
248,	254
262,	254
291,	253
313,	253
320,	253
320,	253
308,	253
274,	254
252,	254
248,	254
245,	254
244,	254
245,	254
245,	254
247,	254
252,	253
278,	252
307,	252
319,	252
320,	252
319,	253
287,	253
260,	254
249,	254
246,	254
244,	254
244,	254
245,	254
246,	254
247,	254
267,	253
298,	252
293,	251
263,	247
250,	242
247,	239
245,	238
244,	238
245,	238
246,	238
247,	238
264,	240
294,	243
315,	247
321,	251
322,	253
307,	254
273,	254
251,	254
247,	254
245,	254
243,	254
244,	254
245,	254
246,	254
253,	253
280,	252
308,	252
320,	252
321,	252
318,	252
285,	253
258,	254
249,	254
245,	254
244,	254
244,	254
244,	254
245,	254
247,	253
268,	253
298,	252
315,	252
319,	251
320,	252
299,	253
267,	253
250,	253
246,	253
244,	253
243,	253
244,	253
244,	253
246,	253
319,	256
320,	258
305,	257
271,	254
251,	249
247,	246
244,	244
242,	244
243,	244
243,	244
245,	244
252,	244
279,	247
307,	251
319,	251
320,	251
317,	252
284,	252
258,	253
249,	253
245,	253
243,	253
243,	253
243,	253
244,	253
245,	253
267,	252
299,	251
316,	251
320,	251
321,	251
299,	252
267,	253
250,	253
246,	253
243,	253
242,	253
242,	253
242,	253
244,	253
256,	252
286,	251
311,	251
321,	251
322,	251
314,	252
278,	253
253,	253
246,	253
243,	253
241,	253
254,	254
283,	256
310,	261
322,	265
323,	268
318,	268
281,	265
255,	261
247,	256
243,	254
241,	253
242,	253
242,	253
244,	253
246,	253
271,	252
304,	251
321,	251
323,	251
324,	252
296,	253
262,	253
246,	253
242,	253
240,	253
239,	253
240,	253
241,	253
243,	252
259,	252
293,	251
319,	251
327,	251
327,	251
313,	252
273,	253
247,	253
242,	253
239,	253
237,	253
239,	253
239,	253
241,	253
247,	252
278,	251
312,	250
327,	250
328,	250
326,	251
289,	252
256,	253
239,	253
239,	253
241,	253
244,	253
274,	256
310,	260
327,	266
329,	269
329,	270
296,	268
259,	263
244,	258
240,	255
238,	253
237,	253
238,	253
239,	253
241,	253
260,	252
297,	251
322,	251
330,	251
330,	251
314,	252
271,	253
245,	253
241,	253
238,	253
236,	253
238,	253
239,	253
241,	253
248,	252
281,	251
317,	251
331,	251
332,	251
330,	252
288,	253
254,	254
242,	254
237,	254
236,	254
236,	254
237,	254
238,	253
244,	253
271,	252
312,	252
337,	252
343,	253
243,	247
238,	244
236,	243
235,	242
236,	242
251,	243
255,	245
259,	246
263,	248
266,	249
269,	249
271,	246
271,	242
268,	237
265,	238
263,	240
261,	242
260,	243
259,	245
258,	245
257,	246
258,	245
261,	245
265,	245
269,	245
271,	245
273,	245
270,	246
267,	246
265,	246
263,	246
261,	246
260,	246
259,	246
258,	246
257,	246
260,	246
264,	246
268,	246
270,	246
273,	246
272,	246
269,	246
266,	246
264,	246
262,	246
260,	246
259,	246
258,	246
258,	246
259,	246
273,	247
272,	247
269,	247
266,	247
264,	246
262,	246
261,	245
260,	245
259,	245
258,	245
259,	245
262,	245
266,	246
269,	246
272,	246
273,	246
270,	246
267,	246
265,	246
263,	246
261,	246
260,	246
259,	246
258,	246
258,	246
260,	246
264,	246
268,	246
270,	246
273,	246
271,	246
268,	246
265,	246
263,	246
261,	246
260,	246
259,	246
258,	246
257,	246
259,	246
263,	246
266,	246
269,	246
271,	246
271,	246
267,	245
264,	245
263,	245
261,	245
259,	245
259,	245
257,	245
278,	247
286,	248
291,	250
285,	252
226,	249
186,	243
177,	237
176,	231
177,	225
181,	219
185,	214
189,	210
194,	205
234,	204
285,	204
310,	206
313,	207
313,	209
273,	212
224,	215
203,	217
200,	218
198,	220
198,	221
201,	222
203,	223
206,	224
227,	223
270,	222
303,	222
313,	222
312,	222
298,	223
248,	225
218,	226
212,	227
209,	227
208,	228
211,	229
212,	229
214,	230
220,	229
255,	228
294,	228
310,	228
311,	228
310,	228
271,	230
235,	231
221,	232
218,	232
220,	233
223,	234
253,	237
290,	242
308,	247
311,	251
311,	252
280,	250
243,	246
227,	240
223,	237
222,	236
221,	236
222,	236
223,	237
225,	237
242,	236
276,	235
302,	235
310,	235
310,	235
297,	236
258,	237
233,	237
227,	237
224,	238
223,	238
225,	238
225,	238
227,	238
232,	237
261,	236
294,	236
308,	236
310,	236
308,	237
274,	238
243,	238
231,	239
227,	239
226,	239
226,	239
227,	239
228,	239
229,	239
250,	238
283,	238
304,	237
309,	237
310,	237
291,	238
228,	237
227,	237
228,	237
229,	237
231,	238
247,	239
279,	243
302,	247
310,	251
310,	253
297,	253
260,	249
237,	245
232,	241
229,	241
228,	241
229,	241
230,	241
231,	241
237,	240
265,	239
296,	239
309,	239
310,	239
309,	240
275,	241
245,	241
234,	241
230,	241
229,	241
229,	241
230,	241
231,	241
232,	241
253,	240
285,	240
306,	239
311,	239
311,	240
291,	241
256,	241
236,	242
232,	242
229,	242
228,	242
230,	242
230,	242
232,	242
242,	241
272,	240
300,	240
260,	236
237,	231
233,	227
230,	226
229,	225
230,	225
231,	225
233,	225
239,	226
268,	229
299,	233
312,	238
313,	240
311,	241
275,	242
245,	243
235,	243
231,	243
230,	243
230,	243
230,	243
231,	243
233,	242
256,	242
290,	241
310,	241
314,	241
314,	241
292,	242
255,	243
236,	243
232,	243
229,	243
228,	243
230,	243
230,	243
232,	243
244,	242
276,	241
304,	241
314,	241
315,	241
307,	242
268,	243
241,	243
234,	243
230,	243
228,	243
230,	243
230,	243
232,	243
315,	248
315,	250
312,	251
274,	248
245,	244
235,	239
231,	236
230,	236
230,	235
231,	235
232,	236
234,	236
258,	238
293,	242
312,	242
316,	242
316,	242
291,	243
255,	244
237,	244
233,	244
231,	244
230,	244
231,	244
231,	244
234,	244
246,	243
278,	242
305,	242
315,	242
315,	242
307,	243
268,	244
242,	244
235,	244
232,	244
230,	244
231,	244
232,	244
233,	244
236,	243
263,	242
297,	242
313,	242
315,	242
315,	242
284,	243
251,	244
237,	244
234,	244
232,	244
231,	244
260,	246
294,	250
311,	255
315,	259
315,	260
290,	258
255,	254
238,	249
235,	246
233,	245
232,	245
233,	244
234,	245
236,	245
249,	244
280,	243
306,	243
315,	243
315,	243
305,	244
267,	245
243,	245
237,	245
234,	245
232,	245
233,	245
234,	245
236,	245
238,	245
266,	244
298,	243
313,	243
315,	243
314,	244
283,	245
251,	245
238,	245
235,	245
233,	245
233,	245
234,	245
234,	245
236,	245
254,	244
286,	243
308,	243
314,	243
314,	243
299,	244
261,	245
239,	245
234,	245
234,	245
236,	245
251,	246
282,	249
307,	254
315,	258
315,	260
304,	260
266,	257
242,	252
237,	248
234,	246
233,	246
234,	246
235,	246
236,	246
240,	245
268,	244
300,	243
314,	243
315,	243
314,	244
282,	245
251,	246
239,	246
236,	246
234,	246
234,	246
235,	246
236,	246
237,	246
256,	245
289,	244
310,	244
315,	244
315,	244
298,	245
261,	246
240,	246
237,	246
234,	246
233,	246
235,	246
235,	246
237,	246
245,	245
274,	244
303,	244
315,	244
315,	244
238,	240
235,	238
233,	237
235,	237
236,	237
237,	238
242,	238
270,	241
301,	245
315,	249
315,	252
314,	253
280,	251
250,	246
239,	246
236,	246
235,	247
234,	246
235,	246
236,	246
238,	246
258,	245
291,	245
311,	244
315,	244
315,	244
296,	245
260,	246
240,	246
237,	246
234,	246
233,	246
235,	246
235,	246
237,	246
247,	245
276,	244
304,	244
315,	244
315,	244
310,	245
273,	246
246,	246
238,	246
235,	246
233,	246
234,	246
235,	246
236,	246
239,	245
263,	245
313,	245
278,	243
249,	238
239,	234
236,	231
235,	230
235,	230
236,	230
237,	231
239,	231
260,	233
293,	236
312,	241
316,	245
316,	245
295,	246
259,	247
240,	247
237,	247
234,	247
234,	247
235,	247
236,	247
238,	247
249,	246
279,	245
306,	244
317,	245
316,	245
310,	246
272,	246
246,	247
238,	247
235,	247
234,	247
235,	247
236,	247
237,	247
240,	246
265,	245
298,	245
315,	245
317,	245
317,	245
288,	246
255,	247
240,	247
237,	247
235,	247
234,	247
235,	247
295,	251
314,	256
317,	259
317,	261
294,	259
259,	255
241,	250
237,	247
235,	246
234,	245
236,	245
236,	245
238,	245
250,	246
281,	245
308,	245
317,	245
317,	245
309,	246
271,	247
245,	247
239,	247
236,	247
235,	247
236,	247
236,	247
238,	247
241,	247
267,	246
300,	245
315,	245
316,	245
316,	246
286,	247
254,	247
240,	247
237,	247
236,	247
235,	247
236,	247
237,	247
239,	247
256,	246
288,	246
310,	245
317,	245
317,	245
302,	246
265,	247
242,	247
238,	247
236,	247
307,	252
320,	258
320,	263
318,	269
282,	270
253,	268
243,	264
240,	258
239,	253
239,	249
239,	247
240,	247
242,	247
264,	249
297,	249
316,	248
320,	248
320,	248
298,	250
263,	250
244,	250
241,	250
238,	250
237,	250
239,	250
239,	250
241,	250
252,	249
283,	248
310,	248
320,	248
320,	248
313,	249
275,	250
249,	250
242,	250
239,	250
237,	250
238,	250
239,	250
240,	250
243,	249
268,	248
301,	248
317,	248
320,	248
319,	248
291,	249
258,	250
243,	250
240,	250
240,	250
241,	250
259,	252
292,	255
314,	260
320,	263
320,	264
304,	264
267,	260
244,	255
241,	252
238,	250
237,	250
239,	250
239,	250
241,	250
248,	249
277,	248
307,	248
319,	248
319,	248
316,	248
280,	249
252,	250
242,	250
239,	250
238,	250
238,	250
239,	250
240,	250
242,	249
264,	249
297,	248
316,	248
319,	248
319,	248
296,	249
261,	250
243,	250
240,	250
237,	250
237,	250
238,	249
238,	249
240,	249
252,	248
283,	247
309,	247
319,	247
319,	247
311,	248
238,	246
237,	246
238,	246
239,	246
241,	246
249,	247
278,	250
307,	254
319,	259
319,	261
315,	261
278,	259
250,	254
242,	250
238,	250
237,	250
238,	250
239,	250
240,	249
242,	249
265,	248
298,	248
316,	247
319,	247
319,	248
294,	249
260,	249
243,	249
240,	250
238,	250
237,	250
238,	249
239,	249
241,	249
254,	249
284,	248
310,	247
319,	247
319,	247
309,	248
271,	249
246,	249
241,	249
238,	249
237,	249
238,	249
238,	249
240,	249
243,	248
271,	248
303,	247
276,	244
249,	240
241,	235
238,	233
237,	232
238,	232
238,	232
239,	232
241,	232
266,	234
300,	238
317,	243
320,	246
319,	247
292,	249
258,	249
241,	249
239,	249
237,	249
237,	249
238,	249
239,	249
241,	249
255,	248
287,	248
312,	247
319,	247
318,	247
307,	248
269,	249
244,	249
239,	249
237,	249
236,	249
238,	249
238,	249
240,	249
244,	248
272,	247
304,	247
317,	246
318,	246
316,	247
283,	248
252,	248
240,	249
237,	249
237,	249
237,	249
238,	249
239,	248
315,	253
316,	256
316,	257
288,	255
255,	251
241,	246
239,	243
237,	242
237,	242
238,	242
239,	242
241,	242
256,	243
287,	247
310,	246
317,	246
316,	246
303,	247
266,	248
243,	248
239,	248
237,	248
236,	248
238,	248
239,	248
240,	248
245,	247
273,	246
304,	246
316,	246
316,	246
314,	247
280,	248
251,	248
240,	248
237,	248
237,	248
237,	248
238,	248
239,	248
241,	248
261,	247
293,	246
312,	246
316,	246
316,	246
296,	247
260,	248
241,	248
238,	248
236,	248
236,	248
257,	249
289,	252
311,	257
317,	261
316,	262
301,	262
264,	258
242,	253
239,	249
237,	248
236,	247
238,	247
239,	248
240,	248
246,	247
274,	246
304,	246
316,	246
316,	246
313,	246
278,	247
249,	248
240,	248
237,	248
236,	248
237,	248
238,	248
239,	248
241,	247
262,	247
294,	246
313,	246
316,	246
316,	246
294,	247
259,	248
241,	248
238,	248
236,	248
236,	248
237,	248
238,	248
240,	248
251,	247
280,	246
307,	245
316,	245
316,	245
308,	246
271,	247
246,	248
241,	248
243,	248
262,	250
295,	254
315,	259
319,	264
319,	269
301,	270
264,	267
243,	262
241,	257
239,	253
238,	251
240,	250
241,	250
243,	250
251,	249
280,	248
308,	248
319,	248
319,	248
314,	249
277,	250
250,	250
242,	250
239,	250
238,	250
239,	250
240,	250
241,	250
243,	249
267,	249
299,	248
316,	248
318,	248
318,	248
292,	249
258,	250
242,	250
240,	250
238,	250
237,	249
239,	249
240,	249
242,	249
255,	248
285,	248
310,	247
318,	247
317,	247
307,	248
238,	247
237,	246
239,	246
240,	246
242,	247
252,	248
281,	250
308,	255
318,	259
317,	261
311,	261
274,	258
248,	254
241,	249
238,	249
237,	249
238,	249
239,	249
240,	249
243,	248
267,	247
299,	247
315,	247
317,	247
317,	247
290,	248
257,	249
242,	249
239,	249
238,	249
237,	249
239,	249
239,	249
241,	249
256,	248
286,	247
310,	247
317,	247
317,	247
305,	248
268,	248
244,	249
240,	249
237,	249
236,	249
238,	248
239,	248
240,	248
244,	248
272,	247
303,	246
273,	243
247,	239
240,	234
238,	232
237,	232
238,	232
239,	232
240,	232
243,	232
268,	234
300,	238
315,	243
317,	246
316,	247
288,	248
256,	249
242,	249
239,	249
237,	249
237,	249
238,	249
239,	249
241,	248
256,	248
287,	247
310,	246
317,	246
316,	246
303,	247
266,	248
243,	248
239,	248
237,	248
236,	248
238,	248
238,	248
240,	248
245,	247
272,	246
303,	246
315,	246
316,	246
314,	246
281,	247
251,	248
240,	248
238,	248
237,	248
237,	248
238,	248
239,	248
315,	253
316,	256
316,	256
286,	254
255,	250
241,	246
239,	243
237,	242
237,	242
238,	242
239,	242
241,	242
257,	243
288,	247
310,	246
316,	246
315,	246
301,	247
265,	248
243,	248
239,	248
237,	248
236,	248
238,	248
239,	248
240,	248
247,	247
274,	246
303,	246
315,	246
315,	246
312,	246
278,	247
250,	248
241,	248
238,	248
237,	248
237,	248
238,	248
239,	248
241,	247
263,	247
294,	246
312,	246
315,	246
315,	246
293,	247
259,	248
241,	248
239,	248
237,	248
236,	248
259,	249
290,	252
310,	257
315,	261
315,	262
298,	261
263,	258
242,	253
239,	249
237,	248
236,	247
238,	247
239,	247
240,	248
248,	247
276,	246
304,	246
315,	246
315,	246
311,	246
276,	247
249,	248
240,	248
237,	248
237,	248
237,	248
238,	248
239,	248
241,	247
263,	246
295,	246
312,	246
314,	245
314,	246
291,	247
258,	247
241,	247
238,	247
236,	247
236,	247
237,	247
238,	247
240,	247
252,	246
281,	245
306,	245
314,	245
314,	245
305,	246
269,	247
245,	247
237,	247
238,	247
240,	247
249,	248
277,	251
304,	255
314,	259
314,	261
309,	261
274,	259
248,	254
240,	250
237,	248
236,	247
237,	247
238,	247
239,	247
241,	247
264,	246
295,	245
311,	245
314,	245
313,	245
289,	246
256,	247
241,	247
238,	247
236,	247
236,	247
237,	247
238,	247
240,	247
253,	246
282,	245
306,	245
314,	245
313,	245
303,	246
267,	246
244,	247
239,	247
236,	247
235,	247
236,	247
237,	247
239,	246
242,	246
268,	245
299,	244
312,	244
313,	244
239,	240
237,	238
236,	237
237,	237
238,	237
239,	238
241,	238
265,	240
296,	244
311,	248
313,	251
313,	252
287,	251
255,	247
241,	247
238,	247
236,	247
236,	247
237,	247
238,	247
240,	247
254,	246
284,	245
306,	245
313,	245
313,	245
301,	246
266,	246
243,	247
239,	247
236,	247
235,	247
237,	247
238,	247
239,	246
244,	246
270,	245
299,	244
312,	244
312,	244
311,	245
279,	246
251,	246
240,	246
237,	246
236,	247
236,	246
237,	246
238,	246
240,	246
258,	245
312,	246
284,	244
254,	240
241,	236
238,	233
237,	232
236,	232
237,	232
238,	232
240,	232
255,	233
285,	237
306,	241
312,	245
312,	245
299,	246
264,	246
242,	246
239,	246
236,	246
235,	246
237,	246
238,	246
239,	246
244,	245
270,	244
299,	244
311,	244
311,	244
309,	244
277,	245
249,	246
240,	246
237,	246
236,	246
236,	246
237,	246
238,	246
240,	246
259,	245
290,	244
308,	244
311,	244
311,	244
292,	245
258,	246
241,	246
238,	246
236,	246
235,	246
237,	246
286,	249
306,	253
312,	257
311,	258
296,	258
262,	254
242,	250
239,	246
236,	245
236,	244
237,	244
238,	244
240,	245
246,	245
272,	244
300,	244
311,	244
311,	244
308,	245
275,	246
249,	246
240,	246
237,	246
236,	246
237,	246
237,	246
238,	246
240,	246
261,	245
291,	244
307,	244
311,	244
311,	244
289,	245
257,	246
241,	246
238,	246
236,	246
236,	246
237,	246
237,	246
239,	246
250,	245
278,	244
302,	244
310,	244
310,	244
303,	244
268,	245
245,	245
239,	246
236,	246
239,	246
247,	246
273,	249
300,	253
310,	257
310,	259
307,	259
273,	257
248,	253
240,	249
237,	246
236,	246
237,	246
237,	246
238,	246
240,	245
261,	244
291,	244
307,	244
310,	244
310,	244
288,	245
256,	245
241,	245
238,	246
236,	246
236,	245
237,	245
237,	245
239,	245
251,	245
279,	244
302,	244
310,	244
310,	244
301,	244
267,	245
244,	245
239,	245
236,	245
235,	245
236,	245
237,	245
238,	245
241,	245
265,	244
294,	243
308,	243
309,	243
308,	243
280,	244
235,	244
236,	243
237,	243
238,	244
240,	244
262,	246
291,	249
307,	254
309,	256
309,	257
286,	256
255,	252
240,	248
237,	245
236,	245
235,	245
237,	245
237,	245
239,	245
252,	244
280,	243
302,	243
309,	243
309,	243
299,	244
265,	245
243,	245
238,	245
236,	245
235,	245
236,	245
237,	245
238,	245
241,	244
266,	243
295,	243
307,	243
308,	242
307,	243
279,	244
251,	244
239,	245
237,	245
236,	245
235,	245
236,	245
237,	244
239,	244
255,	244
284,	243
303,	243
254,	239
240,	235
237,	232
236,	231
235,	230
236,	230
237,	230
239,	231
252,	232
280,	235
302,	239
309,	242
308,	244
297,	244
263,	244
242,	244
238,	244
235,	244
234,	244
236,	244
236,	244
238,	244
242,	244
267,	243
295,	242
307,	242
308,	242
306,	243
277,	244
249,	244
239,	244
236,	244
235,	244
235,	244
236,	244
237,	244
238,	244
256,	243
285,	242
303,	242
307,	242
307,	242
290,	243
258,	244
240,	244
237,	244
235,	244
234,	244
235,	244
236,	244
238,	244
307,	247
307,	248
295,	248
262,	245
241,	241
238,	237
235,	236
234,	235
236,	235
236,	235
238,	235
243,	236
268,	238
295,	242
306,	242
307,	242
305,	242
275,	243
249,	244
239,	244
236,	244
235,	244
235,	244
236,	244
237,	244
239,	244
257,	243
286,	242
303,	242
306,	242
306,	242
288,	243
257,	244
240,	244
237,	244
235,	244
234,	244
236,	244
236,	244
238,	243
247,	243
272,	242
296,	241
305,	241
305,	241
299,	242
268,	243
245,	243
238,	243
236,	243
235,	243
244,	244
268,	246
293,	250
304,	253
304,	256
302,	256
273,	254
248,	250
240,	246
237,	244
236,	243
236,	243
237,	243
238,	244
239,	243
257,	242
284,	242
299,	242
303,	241
303,	242
285,	242
256,	243
241,	243
238,	243
236,	243
236,	243
237,	243
237,	243
239,	243
248,	242
272,	242
293,	241
301,	241
301,	241
295,	242
266,	242
245,	242
239,	243
237,	243
236,	243
237,	243
237,	243
238,	243
240,	242
260,	241
286,	241
298,	241
300,	240
300,	241
278,	242
252,	242
241,	242
237,	242
238,	242
240,	243
257,	244
283,	247
297,	251
300,	253
300,	254
282,	253
256,	250
242,	246
239,	244
237,	243
236,	242
237,	242
238,	242
239,	242
249,	242
272,	241
292,	241
299,	241
300,	241
293,	241
265,	242
245,	242
240,	242
237,	242
236,	242
237,	242
237,	242
239,	242
241,	242
261,	241
285,	241
297,	240
299,	240
299,	241
277,	242
252,	242
241,	242
238,	242
237,	242
237,	242
237,	242
238,	242
239,	242
252,	241
276,	241
293,	241
299,	241
299,	241
239,	238
237,	237
237,	237
238,	237
238,	237
240,	237
249,	238
272,	240
292,	244
299,	247
299,	248
292,	248
264,	246
245,	242
240,	242
238,	242
237,	242
238,	242
238,	242
239,	242
242,	242
262,	241
286,	241
297,	241
299,	241
298,	241
275,	242
252,	242
242,	242
239,	242
238,	243
237,	242
238,	242
239,	242
240,	242
253,	242
277,	241
293,	241
298,	241
298,	241
287,	242
260,	242
243,	242
240,	242
238,	242
237,	242
238,	242
238,	242
240,	242
245,	242
266,	241
290,	241
263,	238
245,	235
241,	232
238,	230
237,	230
238,	230
239,	230
240,	230
243,	230
263,	232
286,	235
297,	239
298,	241
297,	241
274,	242
251,	242
242,	242
239,	242
238,	243
238,	243
238,	242
239,	242
240,	242
254,	242
277,	241
293,	241
298,	241
298,	241
285,	242
259,	242
243,	242
240,	242
238,	242
237,	242
238,	242
238,	242
240,	242
246,	242
267,	241
288,	241
297,	240
298,	240
294,	241
268,	242
248,	242
241,	242
238,	242
237,	242
238,	242
238,	242
286,	245
297,	249
298,	251
297,	251
273,	250
251,	246
242,	243
239,	241
238,	240
238,	240
239,	240
239,	240
241,	241
255,	242
279,	241
294,	241
298,	241
298,	241
284,	242
258,	242
243,	242
240,	242
238,	242
237,	242
238,	242
239,	242
240,	242
247,	242
269,	241
289,	241
297,	241
298,	241
293,	241
267,	242
247,	242
241,	242
238,	242
237,	242
238,	242
238,	242
239,	242
241,	242
258,	241
282,	240
294,	240
297,	240
297,	240
278,	241
254,	242
242,	242
239,	242
239,	242
240,	242
256,	243
279,	246
293,	249
297,	252
297,	253
282,	252
257,	250
243,	246
240,	243
238,	242
237,	242
238,	242
238,	242
240,	242
248,	241
269,	241
289,	240
297,	240
297,	240
292,	241
266,	242
247,	242
241,	242
238,	242
237,	242
238,	242
238,	242
239,	242
241,	241
259,	241
283,	240
294,	240
297,	240
297,	241
277,	241
253,	242
242,	242
239,	242
238,	242
237,	242
238,	242
238,	242
240,	242
251,	241
274,	241
291,	240
296,	240
297,	240
287,	241
261,	241
237,	241
238,	241
238,	241
240,	241
249,	242
271,	244
289,	247
297,	251
297,	252
290,	252
264,	250
246,	246
240,	243
238,	242
237,	242
238,	242
238,	242
239,	242
241,	241
260,	240
283,	240
295,	240
296,	240
296,	240
275,	241
252,	241
241,	241
239,	242
237,	242
237,	241
238,	241
238,	241
239,	241
252,	241
275,	240
291,	240
296,	240
296,	240
285,	241
259,	241
243,	241
239,	241
237,	241
236,	241
237,	241
237,	241
239,	241
244,	240
264,	240
285,	239
295,	239
244,	236
240,	233
237,	231
237,	231
238,	231
238,	231
239,	231
242,	231
261,	233
284,	236
295,	239
296,	242
296,	242
273,	241
251,	241
241,	241
238,	241
237,	241
237,	241
238,	241
238,	241
239,	241
252,	241
276,	240
291,	240
296,	240
296,	240
284,	240
258,	241
242,	241
239,	241
237,	241
236,	241
237,	241
237,	241
239,	241
244,	240
265,	240
286,	239
295,	239
296,	239
293,	240
268,	240
247,	241
240,	241
237,	241
236,	241
236,	241
237,	241
238,	241
239,	240
296,	242
295,	243
272,	242
250,	238
241,	235
238,	233
237,	232
237,	232
237,	232
238,	232
239,	232
253,	234
277,	236
292,	240
296,	240
297,	240
283,	241
257,	241
242,	241
239,	241
237,	241
236,	241
237,	241
237,	241
239,	241
245,	240
267,	240
287,	239
296,	239
297,	239
293,	240
267,	241
247,	241
240,	241
237,	241
236,	241
237,	241
237,	241
238,	241
240,	241
257,	240
281,	240
294,	240
296,	240
297,	240
278,	241
253,	241
241,	241
238,	241
236,	241
236,	241
254,	242
278,	245
293,	248
297,	251
297,	252
282,	251
256,	249
241,	245
238,	242
236,	241
236,	241
237,	241
237,	241
238,	241
246,	240
268,	240
288,	239
296,	239
297,	239
292,	240
265,	241
245,	241
239,	241
236,	241
235,	241
236,	241
236,	241
237,	241
239,	240
257,	239
282,	239
294,	239
296,	239
297,	239
276,	240
252,	240
240,	240
237,	240
236,	241
235,	240
236,	240
237,	240
238,	240
249,	240
273,	239
290,	239
296,	239
296,	239
287,	240
260,	240
242,	240
236,	240
237,	240
238,	241
247,	241
269,	243
288,	247
296,	250
296,	251
290,	251
263,	249
244,	246
239,	243
236,	241
235,	240
236,	240
237,	240
238,	240
240,	240
258,	239
282,	239
293,	239
295,	239
295,	239
274,	240
251,	240
240,	240
237,	240
236,	240
236,	240
236,	240
237,	240
238,	240
250,	240
273,	239
289,	239
294,	239
295,	239
285,	239
259,	240
242,	240
238,	240
236,	240
235,	240
236,	240
237,	240
238,	240
242,	239
262,	239
284,	238
293,	238
294,	238
293,	239
236,	237
235,	237
236,	237
237,	237
238,	237
240,	237
259,	239
282,	242
293,	245
294,	247
294,	248
272,	246
250,	243
240,	240
237,	240
236,	240
236,	240
236,	240
237,	240
238,	240
251,	239
274,	239
289,	238
294,	238
294,	238
283,	239
257,	240
241,	240
238,	240
236,	240
235,	240
236,	240
236,	240
238,	240
243,	239
263,	238
284,	238
293,	238
294,	238
291,	239
266,	239
246,	239
239,	240
236,	240
235,	240
236,	240
236,	240
237,	239
238,	239
254,	239
277,	238
270,	237
248,	233
240,	230
237,	228
236,	227
236,	227
236,	227
237,	227
238,	228
252,	229
275,	231
290,	235
294,	237
294,	238
281,	239
256,	240
241,	240
238,	240
236,	240
235,	240
236,	240
236,	240
238,	240
244,	239
264,	238
285,	238
293,	238
294,	238
290,	239
265,	239
245,	239
239,	240
236,	240
235,	240
236,	240
236,	240
237,	239
238,	239
255,	238
278,	238
291,	238
294,	238
294,	238
276,	239
252,	239
240,	239
237,	239
236,	240
235,	239
236,	239
236,	239
237,	239
237,	238
237,	235
238,	232
239,	228
254,	226
278,	226
292,	228
296,	232
296,	236
281,	239
256,	240
242,	241
239,	241
237,	241
236,	241
237,	241
237,	241
239,	241
246,	240
267,	240
287,	239
295,	239
296,	239
291,	240
265,	240
245,	241
239,	241
237,	241
236,	241
237,	241
237,	241
238,	241
240,	240
257,	240
281,	239
293,	239
296,	239
296,	239
276,	240
252,	241
240,	241
238,	241
236,	241
236,	241
236,	241
237,	240
238,	240
249,	240
272,	239
289,	239
257,	236
241,	233
238,	230
236,	229
235,	229
236,	229
237,	229
238,	229
244,	229
265,	231
286,	234
295,	237
296,	239
293,	239
267,	240
246,	240
239,	240
236,	240
235,	240
236,	240
236,	240
237,	240
239,	240
256,	239
280,	239
293,	239
296,	239
296,	239
278,	240
253,	240
240,	240
237,	240
236,	240
